{"cameraMode":{"drawMode":0,"name":"Shaded","section":"Shading Mode"},"sceneLighting":false,"audioPlay":false,"sceneViewState":{"showFog":true,"showMaterialUpdate":false,"showSkybox":false,"showFlares":true,"showImageEffects":true,"showParticleSystems":true},"in2DMode":false,"pivot":{"x":-5.788000106811523,"y":0.19999977946281434,"z":7.489999771118164},"rotation":{"x":0.0282240342348814,"y":0.9472443461418152,"z":-0.30741170048713686,"w":0.08691086620092392},"size":0.25980788469314577,"orthographic":false}